Name,Team,W,L,G,GS,CG,IP,H,HR,BB,SO,R,SV,BS,BK,ER,HBP,HLD,IBB,ShO,TBF,WP,HR/9,BB/9,K/9,K/BB,K-BB%,GB%,HR/FB,LOB%,ERA,BABIP,FIP,WHIP,WPA,WAR
Johan Santana,Twins,19,6,34,34,1,233.2,186,24,47,245,79,0,0,1,72,4,0,0,0,923,4,0.92,1.81,9.44,5.21,21.5 %,40.4 %,9.9 %,77.7 %,2.77,0.26899999999999996,3.04,1.0,3.9,6.7
Brandon Webb,Diamondbacks,16,8,33,33,5,235.0,216,15,50,178,91,0,0,2,81,6,0,4,3,950,5,0.57,1.91,6.82,3.56,13.5 %,66.3 %,13.2 %,72.1 %,3.1,0.287,3.18,1.13,3.89,6.5
Roy Oswalt,Astros,15,8,33,32,2,220.2,220,18,38,166,76,0,0,1,73,6,0,4,0,896,1,0.73,1.55,6.77,4.37,14.3 %,48.8 %,8.6 %,78.7 %,2.98,0.302,3.3,1.17,3.94,6.1
Aaron Harang,Reds,16,11,36,35,6,234.1,242,28,56,216,109,0,0,1,98,8,0,8,2,993,6,1.08,2.15,8.3,3.86,16.1 %,38.5 %,10.5 %,73.8 %,3.76,0.312,3.68,1.27,2.07,5.7
Jeremy Bonderman,Tigers,14,8,34,34,0,214.0,214,18,64,202,104,0,0,1,97,3,0,7,0,903,3,0.76,2.69,8.5,3.16,15.3 %,48.2 %,9.0 %,69.2 %,4.08,0.318,3.29,1.3,2.17,5.6
John Smoltz,Braves,16,9,35,35,3,232.0,221,23,55,211,93,0,0,0,90,9,0,4,1,960,5,0.89,2.13,8.19,3.84,16.3 %,46.3 %,10.2 %,76.0 %,3.49,0.299,3.44,1.19,2.98,5.5
John Lackey,Angels,13,11,33,33,3,217.2,203,14,72,190,98,0,0,0,86,9,0,4,2,922,16,0.58,2.98,7.86,2.64,12.8 %,43.0 %,5.7 %,70.4 %,3.56,0.297,3.35,1.26,1.08,5.3
Mike Mussina,Yankees,15,7,32,32,1,197.1,184,22,35,172,88,0,0,0,77,5,0,1,0,804,3,1.0,1.6,7.84,4.91,17.0 %,42.4 %,9.4 %,70.4 %,3.51,0.284,3.46,1.11,1.48,5.2
Roy Halladay,Blue Jays,16,5,32,32,4,220.0,208,19,34,132,82,0,0,0,78,5,0,5,0,876,3,0.78,1.39,5.4,3.88,11.2 %,57.5 %,12.5 %,74.9 %,3.19,0.276,3.6,1.1,3.2,5.1
CC Sabathia,Indians,12,11,28,28,6,192.2,182,17,44,172,83,0,0,0,69,7,0,3,2,802,3,0.79,2.06,8.03,3.91,16.0 %,45.1 %,8.4 %,71.7 %,3.22,0.294,3.3,1.17,2.42,5.0
Chris Carpenter,Cardinals,15,8,32,32,5,221.2,194,21,43,184,81,0,0,0,76,10,0,3,3,896,3,0.85,1.75,7.47,4.28,15.7 %,53.3 %,11.5 %,76.3 %,3.09,0.271,3.44,1.07,2.89,5.0
Javier Vazquez,White Sox,11,12,33,32,1,202.2,206,23,56,184,116,0,0,0,109,15,0,2,0,872,7,1.02,2.49,8.17,3.29,14.7 %,40.2 %,9.3 %,65.8 %,4.84,0.308,3.86,1.29,-0.54,4.7
Erik Bedard,Orioles,15,11,33,33,0,196.1,196,16,69,171,92,0,0,0,82,5,0,0,0,844,6,0.73,3.16,7.84,2.48,12.1 %,48.8 %,9.0 %,71.9 %,3.76,0.309,3.59,1.35,1.21,4.6
Bronson Arroyo,Reds,14,11,35,35,3,240.2,222,31,64,184,98,0,0,0,88,5,0,7,1,992,6,1.16,2.39,6.88,2.88,12.1 %,38.2 %,10.5 %,78.0 %,3.29,0.27,4.15,1.19,2.9,4.6
Curt Schilling,Red Sox,15,7,31,31,0,204.0,220,28,28,183,90,0,0,0,90,3,0,1,0,834,1,1.24,1.24,8.07,6.54,18.6 %,39.8 %,11.4 %,76.0 %,3.97,0.324,3.59,1.22,1.42,4.6
Jake Peavy,Padres,11,14,32,32,2,202.1,187,23,62,215,93,0,0,0,92,6,0,11,0,846,4,1.02,2.76,9.56,3.47,18.1 %,38.0 %,9.6 %,72.7 %,4.09,0.304,3.51,1.23,0.55,4.4
Derek Lowe,Dodgers,16,8,35,34,1,218.0,221,14,55,123,97,0,0,2,88,5,0,2,0,913,3,0.58,2.27,5.08,2.24,7.5 %,67.0 %,11.2 %,70.4 %,3.63,0.289,3.68,1.27,2.87,4.4
Greg Maddux,Dodgers,15,14,34,34,0,210.0,219,20,37,117,109,0,0,0,98,0,0,7,0,862,0,0.86,1.59,5.01,3.16,9.3 %,50.7 %,10.4 %,64.5 %,4.2,0.289,3.8,1.22,0.99,4.3
Kevin Millwood,Rangers,16,12,34,34,2,215.0,228,23,53,157,114,0,0,0,108,4,0,4,0,907,6,0.96,2.22,6.57,2.96,11.5 %,44.7 %,9.8 %,67.6 %,4.52,0.306,3.87,1.31,1.04,4.3
Jason Jennings,Rockies,9,13,32,32,3,212.0,206,17,85,142,94,0,0,0,89,3,0,7,2,902,10,0.72,3.61,6.03,1.67,6.3 %,43.9 %,7.0 %,74.0 %,3.78,0.289,4.09,1.37,1.82,4.2
Jose Contreras,White Sox,13,9,30,30,1,196.0,194,20,55,134,101,0,0,0,93,10,0,4,1,833,16,0.92,2.53,6.15,2.44,9.5 %,44.6 %,8.3 %,68.4 %,4.27,0.28300000000000003,4.1,1.27,0.7,4.0
Chris Capuano,Brewers,11,12,34,34,3,221.1,229,29,47,174,108,0,0,0,99,9,0,4,2,936,7,1.18,1.91,7.08,3.7,13.6 %,39.9 %,10.5 %,72.4 %,4.03,0.295,4.04,1.25,0.88,4.0
Kelvim Escobar,Angels,11,14,30,30,1,189.1,192,17,50,147,93,0,0,0,76,4,0,2,0,789,7,0.81,2.38,6.99,2.94,12.3 %,44.7 %,8.1 %,68.9 %,3.61,0.306,3.62,1.28,1.25,4.0
Carlos Zambrano,Cubs,16,7,33,33,0,214.0,162,20,115,210,91,0,0,1,81,9,0,4,0,917,9,0.84,4.84,8.83,1.83,10.4 %,46.9 %,10.0 %,75.6 %,3.41,0.252,4.14,1.29,2.08,3.9
Dan Haren,Athletics,14,13,34,34,2,223.0,224,31,45,176,109,0,0,0,102,10,0,6,0,930,10,1.25,1.82,7.1,3.91,14.1 %,45.2 %,12.5 %,72.2 %,4.12,0.289,4.12,1.21,2.16,3.8
Jason Schmidt,Giants,11,9,32,32,3,213.1,189,21,80,180,94,0,0,1,85,6,0,6,1,894,11,0.89,3.38,7.59,2.25,11.2 %,37.4 %,7.9 %,73.7 %,3.59,0.27699999999999997,3.95,1.26,2.43,3.8
Dave Bush,Brewers,12,11,34,32,3,210.0,201,26,38,166,111,0,0,0,103,18,1,2,2,869,6,1.11,1.63,7.11,4.37,14.7 %,46.6 %,12.1 %,66.2 %,4.41,0.282,3.98,1.14,0.24,3.8
Chien-Ming Wang,Yankees,19,6,34,33,2,218.0,233,12,52,76,92,1,0,1,88,2,0,4,1,900,6,0.5,2.15,3.14,1.46,2.7 %,62.8 %,7.8 %,72.2 %,3.63,0.292,3.91,1.31,2.41,3.8
Matt Cain,Giants,13,12,32,31,1,190.2,157,18,87,179,93,0,0,2,88,6,0,1,1,818,9,0.85,4.11,8.45,2.06,11.3 %,35.6 %,7.1 %,69.8 %,4.15,0.263,3.96,1.28,0.88,3.8
Aaron Cook,Rockies,9,15,32,32,0,212.2,242,17,55,92,107,0,0,0,100,7,0,11,0,915,2,0.72,2.33,3.89,1.67,4.0 %,57.6 %,9.6 %,70.3 %,4.23,0.302,4.2,1.4,1.98,3.6
Jon Garland,White Sox,18,7,33,32,1,211.1,247,26,41,112,112,0,0,0,106,6,0,4,1,900,4,1.11,1.75,4.77,2.73,7.9 %,42.1 %,9.5 %,70.7 %,4.51,0.309,4.35,1.36,0.96,3.6
Jake Westbrook,Indians,15,10,32,32,3,211.1,247,15,55,109,106,0,0,0,98,4,0,4,2,904,5,0.64,2.34,4.64,1.98,6.0 %,60.8 %,9.6 %,70.2 %,4.17,0.322,3.88,1.43,0.68,3.6
Brad Penny,Dodgers,16,9,34,33,0,189.0,206,19,54,148,94,0,0,0,91,9,1,4,0,813,6,0.9,2.57,7.05,2.74,11.6 %,43.5 %,8.9 %,72.2 %,4.33,0.321,3.89,1.38,0.72,3.6
Brett Myers,Phillies,12,7,31,31,1,198.0,194,29,63,189,93,0,0,0,86,3,0,3,0,833,3,1.32,2.86,8.59,3.0,15.1 %,45.6 %,14.3 %,76.1 %,3.91,0.301,4.14,1.3,2.16,3.5
Jeff Francis,Rockies,13,11,32,32,1,199.0,187,18,69,117,101,0,0,0,92,13,0,15,1,843,0,0.81,3.12,5.29,1.7,5.7 %,44.7 %,7.9 %,68.9 %,4.16,0.27,4.38,1.29,1.21,3.5
Andy Pettitte,Astros,14,13,36,35,2,214.1,238,27,70,178,114,0,0,1,100,2,0,9,1,929,2,1.13,2.94,7.47,2.54,11.6 %,49.7 %,14.4 %,72.0 %,4.2,0.324,4.13,1.44,-0.07,3.4
Felix Hernandez,Mariners,12,14,31,31,2,191.0,195,23,60,176,105,0,0,0,96,6,0,2,1,816,11,1.08,2.83,8.29,2.93,14.2 %,57.7 %,16.4 %,68.2 %,4.52,0.312,3.91,1.34,0.06,3.3
Randy Johnson,Yankees,17,11,33,33,2,205.0,194,28,60,172,125,0,0,2,114,10,0,1,0,860,3,1.23,2.63,7.55,2.87,13.0 %,41.9 %,10.9 %,61.8 %,5.0,0.281,4.27,1.24,-1.93,3.2
Zach Duke,Pirates,10,15,34,34,2,215.1,255,17,68,117,116,0,0,1,107,7,0,6,1,935,8,0.71,2.84,4.89,1.72,5.2 %,51.3 %,8.3 %,69.9 %,4.47,0.32799999999999996,4.13,1.5,-1.19,3.2
Vicente Padilla,Rangers,15,10,33,33,0,200.0,206,21,70,156,108,0,0,2,100,17,0,2,0,872,4,0.94,3.15,7.02,2.23,9.9 %,44.1 %,9.9 %,70.2 %,4.5,0.304,4.26,1.38,0.11,3.2
Joe Blanton,Athletics,16,12,32,31,1,194.1,241,17,58,107,111,0,0,0,104,5,0,4,1,856,3,0.79,2.69,4.96,1.84,5.7 %,43.3 %,6.8 %,68.9 %,4.82,0.335,4.16,1.54,-0.91,3.2
Freddy Garcia,White Sox,17,9,33,33,1,216.1,228,32,48,135,116,0,0,0,109,7,0,3,0,917,4,1.33,2.0,5.62,2.81,9.5 %,41.2 %,10.9 %,70.1 %,4.53,0.282,4.58,1.28,0.48,3.1
Dontrelle Willis,Marlins,12,12,34,34,4,223.1,234,21,83,160,106,0,0,1,96,19,0,6,1,975,6,0.85,3.34,6.45,1.93,7.9 %,47.5 %,9.2 %,75.0 %,3.87,0.308,4.31,1.42,1.04,3.0
Ervin Santana,Angels,16,8,33,33,0,204.0,181,21,70,141,106,0,0,2,97,11,0,2,0,846,10,0.93,3.09,6.22,2.01,8.4 %,38.6 %,7.7 %,67.1 %,4.28,0.265,4.29,1.23,0.44,3.0
Tom Glavine,Mets,15,7,32,32,0,198.0,202,22,62,131,94,0,0,0,84,6,0,7,0,842,1,1.0,2.82,5.95,2.11,8.2 %,44.3 %,10.9 %,73.6 %,3.82,0.29,4.3,1.33,0.44,2.9
Miguel Batista,Diamondbacks,11,8,34,33,3,206.1,231,18,84,110,116,0,0,1,105,6,0,5,1,910,14,0.79,3.66,4.8,1.31,2.9 %,51.7 %,9.2 %,69.3 %,4.58,0.308,4.52,1.53,-0.08,2.9
Justin Verlander,Tigers,17,9,30,30,1,186.0,187,21,60,124,78,0,0,1,75,6,0,1,1,776,5,1.02,2.9,6.0,2.07,8.3 %,41.9 %,10.3 %,78.3 %,3.63,0.294,4.35,1.33,2.21,2.8
Doug Davis,Brewers,11,11,34,34,1,203.1,206,19,102,159,118,0,0,0,111,5,0,1,1,904,3,0.84,4.51,7.04,1.56,6.3 %,44.1 %,8.8 %,68.1 %,4.91,0.302,4.38,1.51,-1.03,2.8
Orlando Hernandez,Mets,11,11,29,29,1,162.1,155,22,61,164,90,0,0,3,84,12,0,5,0,699,1,1.22,3.38,9.09,2.69,14.7 %,34.0 %,10.5 %,70.0 %,4.66,0.302,4.24,1.33,0.19,2.7
Scott Olsen,Marlins,12,10,31,31,0,180.2,160,23,75,166,94,0,0,0,81,7,0,1,0,761,8,1.15,3.74,8.27,2.21,12.0 %,44.8 %,12.5 %,70.5 %,4.04,0.28,4.33,1.3,0.58,2.5
Clay Hensley,Padres,11,12,37,29,1,187.0,174,15,76,122,82,0,1,0,77,3,1,7,1,787,3,0.72,3.66,5.87,1.61,5.8 %,53.9 %,8.9 %,73.7 %,3.71,0.278,4.15,1.34,0.78,2.5
Tim Hudson,Braves,13,12,35,35,2,218.1,235,25,79,141,129,0,0,0,118,9,0,10,1,959,7,1.03,3.26,5.81,1.78,6.5 %,57.8 %,14.4 %,67.4 %,4.86,0.298,4.55,1.44,-0.09,2.5
Jon Lieber,Phillies,9,11,27,27,2,168.0,196,27,24,100,100,0,0,0,92,6,0,3,1,714,3,1.45,1.29,5.36,4.17,10.6 %,43.0 %,13.5 %,67.0 %,4.93,0.303,4.58,1.31,-0.12,2.4
Cliff Lee,Indians,14,11,33,33,1,200.2,224,29,58,129,114,0,0,0,98,8,0,3,0,882,3,1.3,2.6,5.79,2.22,8.1 %,32.7 %,8.8 %,70.6 %,4.4,0.29600000000000004,4.73,1.41,-0.58,2.3
Matt Morris,Giants,10,15,33,33,2,207.2,218,22,63,117,123,0,0,3,115,14,0,9,0,903,1,0.95,2.73,5.07,1.86,6.0 %,45.7 %,9.5 %,65.1 %,4.98,0.285,4.51,1.35,-1.38,2.3
Barry Zito,Athletics,16,10,34,34,0,221.0,211,27,99,151,99,0,0,2,94,13,0,5,0,945,4,1.1,4.03,6.15,1.53,5.5 %,38.3 %,9.0 %,78.5 %,3.83,0.281,4.89,1.4,2.27,2.2
Nate Robertson,Tigers,13,13,32,32,1,208.2,206,29,67,137,98,0,0,0,89,8,0,2,0,881,6,1.25,2.89,5.91,2.04,8.0 %,46.7 %,13.2 %,76.1 %,3.84,0.27699999999999997,4.72,1.31,2.83,2.2
Chris Young,Padres,11,5,31,31,0,179.1,134,28,69,164,72,0,0,1,69,6,0,4,0,735,6,1.41,3.46,8.23,2.38,12.9 %,25.4 %,10.4 %,80.7 %,3.46,0.226,4.6,1.13,2.29,2.2
Mark Hendrickson,Dodgers,6,15,31,25,1,164.2,173,17,62,99,87,0,0,1,77,4,1,0,1,719,6,0.93,3.39,5.41,1.6,5.2 %,47.8 %,8.7 %,70.6 %,4.21,0.29100000000000004,4.49,1.43,-0.09,2.1
Ted Lilly,Blue Jays,15,13,32,32,0,181.2,179,28,81,160,98,0,0,4,87,4,0,6,0,797,7,1.39,4.01,7.93,1.98,9.9 %,37.7 %,12.1 %,73.8 %,4.31,0.28800000000000003,4.79,1.43,0.47,2.1
Kenny Rogers,Tigers,17,8,34,33,0,204.0,195,23,62,99,97,0,0,0,87,9,0,2,0,849,5,1.01,2.74,4.37,1.6,4.4 %,50.0 %,10.8 %,72.3 %,3.84,0.262,4.69,1.26,0.76,2.1
Livan Hernandez,Diamondbacks,13,13,34,34,0,216.0,246,29,78,128,125,0,0,0,116,4,0,6,0,959,1,1.21,3.25,5.33,1.64,5.2 %,36.4 %,9.3 %,70.6 %,4.83,0.301,4.85,1.5,-1.17,2.0
Ian Snell,Pirates,14,11,32,32,0,186.0,198,29,74,169,104,0,0,0,98,2,0,4,0,813,8,1.4,3.58,8.18,2.28,11.7 %,42.7 %,14.9 %,72.8 %,4.74,0.314,4.58,1.46,-0.23,1.9
Jarrod Washburn,Mariners,8,14,31,31,0,187.0,198,25,55,103,103,0,0,0,97,7,0,2,0,809,3,1.2,2.65,4.96,1.87,5.9 %,39.7 %,9.3 %,69.8 %,4.67,0.27899999999999997,4.78,1.35,-0.56,1.9
Jamie Moyer,Phillies,11,14,33,33,2,211.1,228,33,51,108,110,0,0,1,101,5,0,5,1,894,3,1.41,2.17,4.6,2.12,6.4 %,40.0 %,11.7 %,73.2 %,4.3,0.28,4.95,1.32,0.22,1.9
Gil Meche,Mariners,11,8,32,32,1,186.2,183,24,84,156,106,0,0,2,93,8,0,2,0,811,4,1.16,4.05,7.52,1.86,8.9 %,43.1 %,11.3 %,70.0 %,4.48,0.295,4.63,1.43,-0.59,1.9
Jeff Suppan,Cardinals,12,7,32,32,0,190.0,207,21,69,104,100,0,0,0,87,8,0,6,0,837,8,0.99,3.27,4.93,1.51,4.2 %,46.8 %,10.8 %,72.3 %,4.12,0.293,4.7,1.45,0.63,1.9
Claudio Vargas,Diamondbacks,12,10,31,30,0,167.2,185,27,52,123,101,0,0,1,90,8,0,2,0,747,9,1.45,2.79,6.6,2.37,9.5 %,39.9 %,11.6 %,69.5 %,4.83,0.294,4.85,1.41,-0.36,1.9
Josh Fogg,Rockies,11,9,31,31,1,172.0,206,24,60,93,115,0,0,0,105,6,0,13,1,765,3,1.26,3.14,4.87,1.55,4.3 %,42.5 %,10.8 %,65.9 %,5.49,0.313,5.03,1.55,-0.18,1.7
Mark Buehrle,White Sox,12,13,32,32,1,204.0,247,36,48,98,124,0,0,1,113,6,0,5,0,876,0,1.59,2.12,4.32,2.04,5.7 %,44.1 %,13.8 %,70.6 %,4.99,0.307,5.27,1.45,-0.74,1.7
Paul Byrd,Indians,10,9,31,31,1,179.0,232,26,38,88,120,0,0,0,97,6,0,3,0,805,2,1.31,1.91,4.42,2.32,6.2 %,38.5 %,10.6 %,65.1 %,4.88,0.318,4.79,1.51,-2.01,1.7
Rodrigo Lopez,Orioles,9,18,36,29,0,189.0,234,32,59,136,129,0,0,1,124,4,0,2,0,847,6,1.52,2.81,6.48,2.31,9.1 %,42.8 %,14.3 %,66.6 %,5.9,0.32799999999999996,4.91,1.55,-2.01,1.7
Brad Radke,Twins,12,9,28,28,0,162.1,197,24,32,83,87,0,0,0,78,1,0,3,0,689,2,1.33,1.77,4.6,2.59,7.4 %,41.6 %,11.1 %,72.8 %,4.32,0.315,4.66,1.41,-0.26,1.6
Paul Maholm,Pirates,8,10,30,30,0,176.0,202,19,81,117,98,0,0,1,93,12,0,6,0,788,3,0.97,4.14,5.98,1.44,4.6 %,53.0 %,12.8 %,73.4 %,4.76,0.327,4.81,1.61,-0.94,1.4
Mark Redman,Royals,11,10,29,29,2,167.0,202,19,63,76,110,0,0,2,106,8,0,1,1,740,12,1.02,3.4,4.1,1.21,1.8 %,44.8 %,9.4 %,66.2 %,5.71,0.319,4.99,1.59,-0.79,1.2
Cory Lidle,Yankees,12,10,31,30,0,170.2,181,30,58,130,100,0,0,0,92,11,0,4,0,745,5,1.58,3.06,6.86,2.24,9.7 %,49.9 %,16.9 %,72.1 %,4.85,0.293,5.12,1.4,-0.51,1.2
Josh Beckett,Red Sox,16,11,33,33,0,204.2,191,36,74,158,120,0,0,1,114,10,0,1,0,869,11,1.58,3.25,6.95,2.14,9.7 %,45.1 %,15.4 %,69.0 %,5.01,0.262,5.12,1.29,0.32,1.0
Kris Benson,Orioles,11,12,30,30,3,183.0,199,33,58,88,105,0,0,0,98,7,0,2,0,781,6,1.62,2.85,4.33,1.52,3.8 %,41.5 %,13.9 %,73.0 %,4.82,0.27899999999999997,5.59,1.4,0.29,0.6
Steve Trachsel,Mets,15,8,30,30,1,164.2,185,23,78,79,94,0,0,0,91,4,0,1,0,736,4,1.26,4.26,4.32,1.01,0.1 %,41.5 %,10.1 %,73.7 %,4.97,0.293,5.5,1.6,-0.69,0.5
Joel Pineiro,Mariners,8,13,40,25,1,165.2,209,23,64,87,123,1,1,1,117,10,4,13,0,753,4,1.25,3.48,4.73,1.36,3.1 %,47.6 %,13.4 %,63.8 %,6.36,0.327,5.24,1.65,-2.53,0.4
Jeff Weaver,Cardinals,8,14,31,31,0,172.0,213,34,47,107,117,0,0,0,110,10,0,1,0,770,5,1.78,2.46,5.6,2.28,7.8 %,39.0 %,14.9 %,68.8 %,5.76,0.313,5.47,1.51,-2.47,0.3
Ramon Ortiz,Nationals,11,16,33,33,0,190.2,230,31,64,104,127,0,0,3,118,18,0,14,0,871,4,1.46,3.02,4.91,1.63,4.6 %,40.8 %,11.7 %,68.9 %,5.57,0.304,5.46,1.54,-2.14,0.2
Jason Marquis,Cardinals,14,16,33,33,0,194.1,221,35,75,96,136,0,0,1,130,16,0,2,0,870,2,1.62,3.47,4.45,1.28,2.4 %,42.6 %,13.1 %,66.9 %,6.02,0.287,5.9,1.52,-2.09,-0.5
Carlos Silva,Twins,11,15,36,31,0,180.1,246,38,32,70,130,0,0,0,119,7,2,4,0,811,1,1.9,1.6,3.49,2.19,4.7 %,43.5 %,16.1 %,66.9 %,5.94,0.313,5.76,1.54,-1.78,-0.5
